SchoolID,SchoolName,FullName,CPS Unit,Latitude,Longitude
400010,Ace Technical Chtr HS,"Architecture, Construction, and Engineering(ACE)Technical Charter School",7950,41.796122,-87.62581237
609772,Addams,Jane Addams Elementary School,2020,41.79356519,-87.64141858
609773,Agassiz,Louis A Agassiz Elementary School,2030,41.84967486,-87.62535151
610513,Air Force HS,Air Force Academy High School,1055,41.82777441,-87.67757853
610212,Albany Park,Albany Park Multicultural Academy,6290,41.69623491,-87.62714703
609774,Alcott ES,Louisa May Alcott Elementary School,2040,41.69873893,-87.53293943
610524,Alcott HS,Alcott High School for the Humanities,8035,41.77122167,-87.66649323
609848,Aldridge,Ira F Aldridge Elementary School,2710,41.7898284,-87.62241609
400012,Amandla Chtr HS,Amandla Charter High School,2035,41.77079113,-87.63522955
609780,Ames,Ames Middle School,2090,41.83382648,-87.6506521
609695,Amundsen HS,Roald Amundsen High School,1210,41.89000464,-87.70733287
609951,Ariel,Ariel Elementary Community Academy,3640,41.94876428,-87.75707885
609777,Armour,Phillip D Armour Elementary School,2070,41.93412556,-87.6562654
609779,"Armstrong, G",George Armstrong International Studies ES,2080,41.92984985,-87.64641314
610287,Ashburn,Ashburn Community Elementary School,7100,41.89779163,-87.7467304
610268,Ashe,Arthur R Ashe Elementary School,6900,41.88928674,-87.70506197
400060,Asian Human Services Chtr - Passages,Asian Human Services - Passages Charter School,6850,41.98339887,-87.67116117
400013,Aspira Chtr - Early College HS,ASPIRA Charter - Early College,7803,41.93732683,-87.72683602
400017,Aspira Chtr - Haugan,ASPIRA Charter - Haugan Campus,3500,41.96643311,-87.72182521
400015,Aspira Chtr - Ramirez HS,ASPIRA Charter - Mirta Ramirez Computer Science,7800,41.91250483,-87.69697811
609781,Attucks,Crispus Attucks Elementary School,2100,42.01012259,-87.68443963
609782,Audubon,John J Audubon Elementary School,2110,41.91604538,-87.72170559
400018,Austin Bus & Entrp HS,Austin Business and Entrepreneurship Academy HS,7020,41.88521269,-87.76328559
610501,Austin Poly HS,Austin Polytechnical Academy High School,1065,41.88318708,-87.67763529
609786,Avalon Park,Avalon Park Elementary School,2130,41.94506282,-87.6810043
610544,Azuela,Mariano Azuela Elementary School,8660,42.00295876,-87.70588042
610563,Back Of The Yards Ib HS,Back of the Yards IB HS,9623,41.80651885,-87.68978067
610555,Banner Academy West HS,Banner Academy West,8685,41.7588191,-87.5763532
609788,Barnard,Alice L Barnard Computer Math & Science Ctr ES,2150,41.8678331,-87.68038086
609789,Barry,John Barry Elementary School,2160,41.74824651,-87.59169045
609790,Barton,Clara Barton Elementary School,2170,41.70513918,-87.65803926
609791,Bass,Perkins Bass Elementary School,2180,41.93251124,-87.73935161
609792,Bateman,Newton Bateman Elementary School,2190,41.75419445,-87.67089049
610083,Beard,Daniel C Beard Elementary School,4950,41.8444276,-87.64134021
610246,Beasley,Edward Beasley Elementary Magnet Academic Center,6660,41.87291244,-87.75332557
609796,Beaubien,Jean Baptiste Beaubien Elementary School,2240,41.97114093,-87.70970075
610237,Beethoven,Ludwig Van Beethoven Elementary School,6540,41.91503789,-87.70031704
609797,Beidler,Jacob Beidler Elementary School,2250,41.86781176,-87.77045422
609798,Belding,Hiram H Belding Elementary School,2260,41.97239326,-87.7576018
609799,Bell,Alexander Graham Bell Elementary School,2270,41.88534848,-87.70585537
609922,Belmont-cragin,Belmont-Cragin Elementary School,3390,41.85077098,-87.70514877
609800,Bennett,Frank I Bennett Elementary School,2280,41.95893805,-87.73405649
610350,Black,Robert A Black Magnet Elementary School,7860,41.81449923,-87.60838209
609803,Blaine,James G Blaine Elementary School,2300,41.9495304,-87.68598149
610087,Blair,Blair Early Childhood Center,4990,41.69714289,-87.69727786
609698,Bogan HS,William J Bogan High School,1230,41.79143647,-87.72446996
610238,Bond,Carrie Jacobs Bond Elementary School,6550,41.90679134,-87.76710612
609804,Boone,Daniel Boone Elementary School,2320,41.7104345,-87.61742707
609815,Bouchet,Edward A Bouchet Math & Science Academy ES,2430,41.88299748,-87.67064568
610323,Bowen HS,Bowen High School,7540,41.82935505,-87.66785319
609806,Bradwell,Myra Bradwell Communications Arts & Sciences ES,2340,42.00341203,-87.69742604
610242,Brennemann,Joseph Brennemann Elementary School,6600,41.76536112,-87.65298114
609809,Brentano,Lorenz Brentano Math & Science Academy ES,2370,41.75342976,-87.70873057
609810,Bridge,Norman A Bridge Elementary School,2380,41.6866593,-87.63366874
610566,Bridgescape Academy Of North Lawndale,Magic Johnson Bridgescape Academy North Lawndale,9631,41.80843998,-87.67754237
610567,Bridgescape Academy Of South Shore,Magic Johnson Bridgescape Academy South Shore,9632,41.95198844,-87.72028376
609811,Bright,Orville T Bright Elementary School,2390,41.93096541,-87.69633094
610317,Brighton Park,Brighton Park Elementary School,7470,41.67228197,-87.65053774
610381,Bronzeville HS,Bronzeville Scholastic Academy High School,7270,41.73415291,-87.64676752
400019,Bronzeville Lthouse Chtr Campus,Bronzeville Lighthouse Charter Elementary School,3990,41.81924917,-87.62662118
609726,Brooks HS,Gwendolyn Brooks College Preparatory Academy HS,1500,41.98756724,-87.70251934
610091,"Brown, R",Ronald Brown Elementary Community Academy,5040,41.95010519,-87.71683248
609812,"Brown, W",William H Brown Elementary School,2400,41.94911537,-87.79863218
609813,Brownell,Charles S Brownell Elementary School,2410,41.69972653,-87.56204762
609830,Brunson,Milton Brunson Math & Science Specialty ES,2550,41.91238535,-87.66866113
609817,Budlong,Lyman A Budlong Elementary School,2440,41.77161975,-87.62178262
609818,Burbank,Luther Burbank Elementary School,2450,41.76084703,-87.5761115
609819,Burke,Edmond Burke Elementary School,2460,41.97578177,-87.69655641
609820,Burley,Augustus H Burley Elementary School,2470,41.91759748,-87.7827363
609821,Burnham,Burnham Elementary Inclusive Academy,2480,41.79676012,-87.61610386
609827,Burnside,Burnside Elementary Scholastic Academy,2520,41.71440236,-87.56709397
609828,Burr,Jonathan Burr Elementary School,2530,41.84545047,-87.71489032
609829,Burroughs,John C Burroughs Elementary School,2540,41.7284532,-87.60743464
609832,Byrne,Michael M Byrne Elementary School,2570,41.82886851,-87.69241995
609833,Caldwell,Charles P Caldwell Academy of Math & Science ES,2580,41.89766334,-87.76556894
610353,Calmeca,Calmeca Academy of Fine Arts and Dual Language,7880,41.72969181,-87.57667958
610565,Camelot - Excel Academy Of Englewood,Excel Academy of Englewood,9630,41.87752873,-87.68324895
610572,Camelot - Safe School Program ES,Camelot Safe Academy Elementary,9637,41.77901823,-87.70376059
610573,Camelot - Safe School Program HS,Camelot Safe Academy High School,9638,42.01717109,-87.80664497
609835,Cameron,Daniel R Cameron Elementary School,2610,41.73922676,-87.58069239
610539,Camras,Marvin Camras Elementary School,8600,41.92131679,-87.7658173
610018,Canter,Miriam G Canter Middle School,4260,41.74068795,-87.67712874
609836,Canty,Arthur E Canty Elementary School,2620,41.84369897,-87.71728227
610024,Cardenas,Lazaro Cardenas Elementary School,4320,41.9045302,-87.71423422
609837,Carnegie,Andrew Carnegie Elementary School,2630,41.9037928,-87.71788991
609839,Carroll,Carroll-Rosenwald Specialty Elementary School,2650,41.94800784,-87.82925896
609842,Carson,Rachel Carson Elementary School,2660,41.78334088,-87.59079528
609844,Carter,William W Carter Elementary School,2670,41.74254406,-87.69601281
609845,"Carver , G",George Washington Carver Primary School,2690,41.7932727,-87.68776288
609760,Carver Military,George Washington Carver Military Academy HS,1850,41.80308142,-87.72206492
610021,Casals,Pablo Casals Elementary School,4290,41.80430753,-87.59046751
609849,Cassell,George F Cassell Elementary School,2720,41.65372953,-87.59951724
609826,Castellanos,Rosario Castellanos Elementary School,2510,41.93791004,-87.66985252
400021,Catalyst Chtr - Circle Rock,Catalyst Elementary School - Circle Rock,4371,41.88229478,-87.76532138
400020,Catalyst Chtr - Howland,Catalyst Charter ES - Howland,4370,41.85851913,-87.70795224
400115,Catalyst Chtr - Maria,Catalyst-Maria Charter School,9032,41.77099145,-87.69311198
610251,Cather,Willa Cather Elementary School,6730,41.79404868,-87.69022418
609851,Chalmers,Thomas Chalmers Specialty Elementary School,2740,41.68734786,-87.70317889
609852,Chappell,Eliza Chappell Elementary School,2750,41.95278208,-87.65097925
609853,Chase,Salmon P Chase Elementary School,2760,41.86646269,-87.6952598
610148,Chavez,Cesar E Chavez Multicultural Academic Center ES,5640,41.76416842,-87.60017639
610248,Chgo Acad ES,Chicago Academy Elementary School,6670,41.89036791,-87.76770517
610340,Chgo Acad HS,Chicago Academy High School,7770,41.8862375,-87.71542384
609753,Chgo Agr HS,Chicago High School for Agricultural Sciences,1790,41.86436492,-87.66875893
400022,Chgo Arts Contr HS,Chicago High School for the Arts,8047,41.83114497,-87.61362868
400035,Chgo Math & Sci Acad Campus HS,Chicago Math and Science Academy High School,7940,42.01303461,-87.67478186
609754,Chgo Military Acad HS,Chicago Military Academy High School,1800,41.81367498,-87.60391054
400093,Chgo Talent Chtr HS,Chicago Talent Development HS,8053,41.87752873,-87.68324895
,Chicago Collegiate Chtr School,Chicago Charter Collegiate HS,9618,41.97413062,-87.65988177
400147,Chicago Excel Contr Acad,Chicago Excel Academy,9066,41.69215764,-87.65446453
400113,Chicago Quest North,Chicago Intl Charter - Chicago Quest North,8672,41.90780971,-87.64559391
400091,Chicago Tech Academy,Chicago Technology Academy High School,8022,41.86332884,-87.65909602
400036,Chicago Virtual Chtr Campus HS,Chicago Virtual Charter High School,7700,41.88055087,-87.64973578
609674,Chicago Vocational HS,Chicago Vocational Career Academy High School,1010,41.84596533,-87.68554722
609854,Chopin,Frederic Chopin Elementary School,2770,41.97592174,-87.68326438
609855,Christopher,Walter S Christopher Elementary School,2780,41.9179714,-87.6945855
400159,Christopher House Chtr School,Christopher Charter House ES,9616,41.9222086,-87.75752205
400023,Cics - Avalon /so Shore,Chicago Intl Charter - Avalon / South Shore,6580,41.74320686,-87.58792816
400024,Cics - Basil,Chicago Intl Charter - Basil,7130,41.79401542,-87.67024224
400025,Cics - Bucktown,Chicago Intl Charter - Bucktown,4910,41.92241391,-87.6813947
400032,Cics - Ellison,Chicago Intl Charter - Ralph Ellison,4911,41.74840985,-87.66898023
400108,Cics - Hawkins,Chicago Intl Charter - Larry Hawkins,8110,41.6531669,-87.6018856
400027,Cics - Irving Park,Chicago Intl Charter - Irving Park,4913,41.95089186,-87.71045568
400092,Cics - Lloyd Bond,Chicago Intl Charter - Lloyd Bond,8049,41.65366757,-87.60500293
400033,Cics - Longwood,Chicago Intl Charter - Longwood,2420,41.72124887,-87.65576875
400026,Cics - Loomis,Chicago Intl Charter - Loomis Primary,4914,41.72024585,-87.65759768
400034,Cics - Northtown,Chicago Intl Charter - Northtown,7740,41.99021757,-87.72650366
400028,Cics - Prairie,Chicago Intl Charter - Prairie,4220,41.68443323,-87.61685178
400029,Cics - Washington Park,Chicago Intl Charter - Washington Park,2290,41.78361635,-87.62210511
400030,Cics - West Belden,Chicago Intl Charter - West Belden,7120,41.92168676,-87.77678527
400031,Cics - Wrightwood,Chicago Intl Charter - Wrightwood,3180,41.74536599,-87.69257776
610347,Claremont,Claremont Academy Elementary School,7830,41.90678838,-87.68304916
610244,Clark HS,Michele Clark Academic Prep Magnet High School,6620,41.80234314,-87.67216973
609795,"Clark, G",George Rogers Clark Elementary School,2230,41.78494358,-87.64741621
609856,Clay,Henry Clay Elementary School,2790,41.89668525,-87.68893629
609759,Clemente HS,Roberto Clemente Community Academy High School,1840,41.87860208,-87.66427006
609857,Cleveland,Grover Cleveland Elementary School,2800,41.80165918,-87.68557034
609859,Clinton,DeWitt Clinton Elementary School,2810,41.65455819,-87.54465019
609861,Clissold,Henry R Clissold Elementary School,2820,41.95206956,-87.70644261
610199,Colemon,Johnnie Colemon Elementary Academy,6170,41.89237718,-87.67372192
609862,Coles,Edward Coles Elementary Language Academy,2830,41.99254202,-87.69832318
610499,Collins HS,Collins Academy High School,1045,41.94138825,-87.69072465
610170,Columbia Explorers,Columbia Explorers Elementary Academy,5860,41.93040255,-87.7612272
609863,Columbus,Christopher Columbus Elementary School,2850,41.69299857,-87.68089596
400038,Community Services West,Community Services West Academy,1225,41.86495162,-87.72505872
609864,Cook,John W Cook Elementary School,2860,41.74141253,-87.56600641
609866,Coonley,John C Coonley Elementary School,2880,41.74523755,-87.65973795
609867,Cooper,Peter Cooper Elementary Dual Language Academy,2890,42.01708749,-87.67772572
609870,Corkery,Daniel J Corkery Elementary School,2910,41.85600375,-87.66722648
609761,Corliss HS,George H Corliss High School,1860,41.90262531,-87.68694287
610355,Courtenay,Mary E Courtenay Elementary Language Arts Center,7910,41.82434989,-87.71165288
609702,Crane HS,Richard T Crane Technical Preparatory HS,1270,41.97506793,-87.67944745
610561,Crane Medical Prep,Richard T Crane Medical Preparatory HS,9621,41.7537492,-87.70738199
609873,Crown,Crown Community Academy of Fine Arts Center ES,2940,41.6881634,-87.68567603
610003,Cuffe,Paul Cuffe Math-Science Technology Academy ES,4090,41.89361291,-87.75936167
610004,Cullen,Countee Cullen Elementary School,4100,41.73333712,-87.56826473
609756,Curie HS,Marie Sklodowska Curie Metropolitan High School,1820,41.83055442,-87.61925223
609900,Curtis,George W Curtis Elementary School,3160,41.77439302,-87.70795184
610239,Daley,Richard J Daley Elementary Academy,6560,41.80916219,-87.62713785
609875,Darwin,Charles R Darwin Elementary School,2960,41.85266417,-87.71243346
610521,"Davis, M",Sir Miles Davis Magnet Elementary Academy,7000,41.88521269,-87.76328559
609876,"Davis, N",Nathan S Davis Elementary School,2970,41.97374222,-87.84104174
609879,Dawes,Charles Gates Dawes Elementary School,2980,41.92329528,-87.7054124
610367,De Priest,Oscar DePriest Elementary School,8050,41.65370554,-87.61431991
609880,Decatur,Stephen Decatur Classical Elementary School,2990,41.82182418,-87.70020131
609883,Deneen,Charles S Deneen Elementary School,3010,41.74505032,-87.71735263
610252,Dett,Robert Nathaniel Dett Elementary School,6740,41.9013897,-87.63372992
609884,Dever,William E Dever Elementary School,3020,42.00928815,-87.7045818
610402,Devry HS,DeVry University Advantage Academy HS,6990,41.96552003,-87.65247254
609885,Dewey,Dewey Elementary Academy of Fine Arts,3030,41.76249075,-87.62330794
610313,Diego,Jose De Diego Elementary Community Academy,7420,41.88356877,-87.66944
609874,Dirksen,Everett McKinley Dirksen Elementary School,2950,41.85605616,-87.65798096
610363,Disney,Walt Disney Magnet Elementary School,8000,41.84816155,-87.69905409
610515,Disney Ii,Disney II Magnet School,8045,41.78150519,-87.63501534
,Disney Ii HS,Disney II Magnet High School,9626,41.75269664,-87.55089097
609887,Dixon,Arthur Dixon Elementary School,3040,41.94255239,-87.81309478
609888,Dodge,Mary Mapes Dodge Elementary Renaissance Academy,3050,41.7956451,-87.64268824
609891,Doolittle,James R Doolittle Jr Elementary School,3070,41.74366991,-87.60994224
609893,Dore,John C Dore Elementary School,3080,41.88928674,-87.70506197
610245,Douglass HS,Frederick A Douglass Academy High School,6630,41.95998361,-87.64978592
609894,Drake,John B Drake Elementary School,3100,41.83114661,-87.61295853
609896,Drummond,Thomas Drummond Elementary School,3120,41.84404358,-87.62851675
610364,Dubois,William E B Dubois Elementary School,8010,41.71566482,-87.63934209
610263,Dulles,John Foster Dulles Elementary School,6860,41.81733673,-87.59909936
609676,Dunbar HS,Paul Laurence Dunbar Career Academy High School,1030,41.88751636,-87.70216585
610188,Dunne Tech Acad,Dunne Technology Academy,6050,41.84816155,-87.69905409
610352,Durkin Park,Durkin Park Elementary School,7870,41.77748307,-87.68106039
610254,Dvorak Tech Acad,Dvorak Technology Academy,6760,41.88292249,-87.69918651
609736,Dyett HS,Dyett High School,1600,41.98293355,-87.79154677
610316,Earhart,Amelia Earhart Options for Knowledge ES,7450,41.90529329,-87.68579293
609897,Earle,Charles W Earle Elementary School,3130,41.72559833,-87.63013085
609898,Eberhart,John F Eberhart Elementary School,3140,41.91594124,-87.67449544
609899,Ebinger,Christian Ebinger Elementary School,3150,41.78119773,-87.67554651
609901,Edgebrook,Edgebrook Elementary School,3170,42.00438051,-87.81116815
610523,Edison Park,Edison Park Elementary School,2085,41.90291498,-87.67365931
609794,"Edison, T",Thomas A Edison Regional Gifted Center ES,2220,41.95822048,-87.70211421
609903,Edwards,Richard Edwards Elementary School,3200,41.99941351,-87.76185985
609904,Ellington,Edward K Ellington Elementary School,3220,41.66944339,-87.63434211
400094,Epic Chtr HS,EPIC Academy High School,8058,41.74484818,-87.55025899
609907,Ericson,Leif Ericson Elementary Scholastic Academy,3240,41.80554091,-87.72589285
400039,Erie Chtr Campus,Erie Elementary Charter School,5780,41.90677155,-87.69440116
609908,Esmond,Esmond Elementary School,3250,41.88552865,-87.76662608
609909,Everett,Edward Everett Elementary School,3260,41.87571841,-87.7157916
610319,Evergreen,Evergreen Academy Middle School,7490,41.72608002,-87.58218089
610362,Evers,Medgar Evers Elementary School,7990,41.96230796,-87.6638162
610057,Fairfield,Fairfield Elementary Academy,4660,41.87968615,-87.70809136
609910,Falconer,Laughlin Falconer Elementary School,3270,41.68944489,-87.66914442
610055,Faraday,Michael Faraday Elementary School,4640,41.77388174,-87.69699315
609912,Farnsworth,James B Farnsworth Elementary School,3280,41.83155458,-87.68134699
609704,Farragut HS,David G Farragut Career Academy High School,1300,41.74940305,-87.72109816
609705,Fenger HS,Christian Fenger Academy High School,1310,41.87752873,-87.68324895
609917,Fernwood,Fernwood Elementary School,3330,41.93578539,-87.74929389
609918,Field,Eugene Field Elementary School,3350,41.97978968,-87.76603488
609967,Finkl,William F Finkl Elementary School,3760,41.80724101,-87.66121133
609919,Fiske,John Fiske Elementary School,3360,41.71118307,-87.64045026
400042,Ford Chtr HS,Henry Ford Academy Power House Charter HS,1165,41.86931199,-87.71056333
609708,Foreman HS,Edwin G Foreman High School,1330,41.68995131,-87.63753545
609924,Fort Dearborn,Fort Dearborn Elementary School,3400,41.84792346,-87.69663009
609927,Foster Park,Foster Park Elementary School,3430,41.87117946,-87.70085606
609926,Franklin,Franklin Elementary Fine Arts Center,3420,41.72967209,-87.65551779
400040,Frazier Chtr,Frazier Preparatory Academy Elementary School,6650,41.86701365,-87.7263137
610503,Frazier Prospective,Frazier Prospective IB Magnet ES,5850,41.88521269,-87.76328559
609928,Fuller,Melville W Fuller Elementary School,3440,41.90662743,-87.63551358
609929,Fulton,Robert Fulton Elementary School,3450,41.73842601,-87.66806268
609930,Funston,Frederick Funston Elementary School,3460,41.81800373,-87.61174736
609709,Gage Park HS,Gage Park High School,1340,41.76971342,-87.63718937
400041,Galapagos Chtr Campus,Galapagos Elementary Charter School,5840,41.89728559,-87.72195859
609933,Gale,Stephen F Gale Elementary Community Academy,3480,41.79758117,-87.66839923
610009,Galileo,Galileo Math & Science Scholastic Academy ES,4160,41.86054518,-87.73177802
609935,Gallistel,Matthew Gallistel Elementary Language Academy,3490,41.917617,-87.71685493
610128,Garvey,Marcus Moziah Garvey Elementary School,5420,41.8365273,-87.61830096
609937,Garvy,John W Garvy Elementary School,3510,42.02111795,-87.67193673
609938,Gary,Joseph E Gary Elementary School,3520,41.70680108,-87.53521193
609939,Gillespie,Frank L Gillespie Elementary School,3530,41.97635198,-87.79627189
400009,Global Citizenship Chtr,Academy for Global Citizenship Elementary School,2025,41.80760595,-87.74009812
609942,Goethe,Johann W von Goethe Elementary School,3560,41.72533163,-87.62375606
609943,Gompers,Samuel Gompers Fine Arts Options ES,3570,41.76061464,-87.67592887
610558,Goode Acad HS,Sarah E. Goode STEM Academy,9598,41.89555356,-87.75432041
609945,Goudy,William C Goudy Elementary School,3590,41.67061831,-87.62250908
609947,Graham,Alexander Graham Elementary School,3600,41.66248096,-87.55327011
609769,"Graham,r HS",Ray Graham Training Center High School,1950,41.96036317,-87.76469993
609949,"Gray, W",William P Gray Elementary School,3620,41.97581701,-87.65787572
610383,Greater Lawndale HS,Greater Lawndale High School For Social Justice,7600,41.80455878,-87.62441056
609850,Greeley,Horace Greeley Elementary School,2730,41.65737753,-87.6064739
610032,Green,Wendell E Green Elementary School,4410,41.90888534,-87.66512999
609952,Greene,Nathanael Greene Elementary School,3650,41.83879101,-87.71715363
609954,Gregory,John Milton Gregory Elementary School,3660,41.81138912,-87.5985199
609955,Gresham,Walter Q Gresham Elementary School,3670,41.8296687,-87.67152905
609956,Grimes,Robert L Grimes Elementary School,3680,41.8707696,-87.71866646
609944,Grissom,Virgil Grissom Elementary School,3580,41.9228315,-87.69286296
609958,Gunsaulus,Frank W Gunsaulus Elementary Scholastic Academy,3690,41.73892072,-87.64498861
609959,Haines,John Charles Haines Elementary School,3700,41.77543683,-87.75880234
609960,Hale,Nathan Hale Elementary School,3710,41.81300814,-87.69932752
609808,Haley,Alex Haley Elementary Academy,2360,41.7543656,-87.55710533
609963,Hamilton,Alexander Hamilton Elementary School,3730,41.78019251,-87.77654206
609964,Hamline,John H Hamline Elementary School,3740,41.74375501,-87.55182517
609966,Hammond,Charles G Hammond Elementary School,3750,41.94519222,-87.67086451
609807,Hampton,Lionel Hampton Fine & Performing Arts ES,2350,41.74933875,-87.66940229
609694,Hancock HS,John Hancock College Preparatory High School,1200,41.74578671,-87.63544628
610068,Hanson Park,Hanson Park Elementary School,4770,41.73454933,-87.61925107
609710,Harlan HS,John M Harlan Community Academy High School,1350,41.93979614,-87.75420329
609711,Harper HS,William Rainey Harper High School,1360,41.79101341,-87.68891728
609969,Harte,Bret Harte Elementary School,3780,41.84921545,-87.68563115
609971,Harvard,John Harvard Elementary School of Excellence,3800,41.91481569,-87.72396786
609972,Haugan,Helge A Haugan Elementary School,3810,41.7934198,-87.58685411
609974,Hawthorne,Hawthorne Elementary Scholastic Academy,3830,41.96402918,-87.72309127
609975,Hay,John Hay Elementary Community Academy,3840,41.84139453,-87.73427664
609976,Hayt,Stephen K Hayt Elementary School,3850,41.94227489,-87.65774562
609979,Healy,Robert Healy Elementary School,3880,41.77336523,-87.59442865
609981,Hearst,Phobe Apperson Hearst Elementary School,3890,41.70753018,-87.60465959
609983,Hedges,James Hedges Elementary School,3900,41.83959538,-87.64030406
609985,Hefferan,Helen M Hefferan Elementary School,3910,41.80817562,-87.74568939
609986,Henderson,Charles R Henderson Elementary School,3920,41.80711154,-87.67336393
609987,Hendricks,Thomas A Hendricks Elementary Community Academy,3930,41.87869209,-87.73580239
609988,Henry,Patrick Henry Elementary School,3940,41.79059182,-87.67185065
610532,Hernandez,Irene C. Hernandez Middle School for the Advancement of Science,8021,41.89339663,-87.6672865
609961,Heroes,Ninos Heroes Elementary Academic Center,3720,41.84998575,-87.63380702
609991,Herzl,Theodore Herzl Elementary School,3970,41.95898944,-87.71559562
609994,Hibbard,William G Hibbard Elementary School,4000,41.86230965,-87.7182564
610295,Higgins,Thomas J Higgins Elementary Community Academy,7210,41.77530609,-87.72884764
610299,Hinton,William A Hinton Elementary School,7250,41.7561965,-87.57968065
609712,Hirsch HS,Emil G Hirsch Metropolitan High School,1380,41.7183728,-87.62058681
609995,Hitch,Rufus M Hitch Elementary School,4010,41.80976983,-87.67221827
609996,Holden,Charles N Holden Elementary School,4020,41.9703078,-87.71036109
609997,Holmes,Oliver Wendell Holmes Elementary School,4030,41.98367214,-87.77915983
400043,Hope Contr ES,Hope Institute Learning Academy,8067,41.88333459,-87.66807611
609768,Hope HS,Hope College Preparatory High School,1940,41.8526671,-87.66369575
610000,Howe,Julia Ward Howe Elementary School of Excellence,4060,41.83799995,-87.65379106
610002,Hoyne,Thomas Hoyne Elementary School,4080,41.79381509,-87.64979603
609741,Hubbard HS,Gurdon S Hubbard High School,1670,41.68816438,-87.53757009
610005,"Hughes, C",Charles Evans Hughes Elementary School,4110,41.74245208,-87.65359681
610368,"Hughes, L",Langston Hughes Elementary School,8060,41.71619373,-87.6480077
610006,Hurley,Edward N Hurley Elementary School,4120,41.70033568,-87.61120785
609713,Hyde Park HS,Hyde Park Academy High School,1390,41.77512466,-87.66905264
610384,Infinity HS,Infinity Math Science and Technology High School,7680,41.80455878,-87.62441056
400104,Instituto Acad Chtr Health,Instituto Health Sciences Career Academy HS,8026,41.84596533,-87.68554722
400148,Instituto Justice Chtr Acad,Instituto Justice and Leadership Acad Charter HS,9065,41.84542162,-87.68404813
610078,Inter-american,Inter-American Elementary Magnet School,4890,41.91250483,-87.69697811
400162,Intrinsic Schools,Intrinsic Charter HS,9619,41.679319,-87.61793127
610121,Irving,Washington Irving Elementary School,5350,41.78689479,-87.73270311
610060,"Jackson, A",Andrew Jackson Elementary Language Academy,4690,41.78090344,-87.69215172
610369,"Jackson, M",Mahalia Jackson Elementary School,8090,41.87797815,-87.76633426
610010,Jahn,Friedrich Ludwig Jahn Elementary School,4170,41.76681272,-87.71954153
610011,Jamieson,Minnie Mars Jamieson Elementary School,4180,41.87125537,-87.65332885
609783,Jefferson Alt HS,Nancy B Jefferson Alternative High School,2120,41.80211216,-87.62582006
610012,Jenner,Edward Jenner Elementary Academy of the Arts,4200,41.93924675,-87.67584646
610271,Jensen,Jensen Elementary Scholastic Academy,6920,41.74018301,-87.60121103
610274,Johnson,James Weldon Johnson Elementary School,6940,41.97094857,-87.65479521
609678,Jones HS,William Jones College Preparatory High School,1060,41.7371465,-87.5732668
609805,Joplin,Scott Joplin Elementary School,2330,41.95075308,-87.66496708
609865,Jordan,Jordan Elementary Community School,2870,41.8995653,-87.68197478
609764,Juarez HS,Benito Juarez Community Academy High School,1890,41.70744607,-87.60306435
609762,Julian HS,Percy L Julian High School,1870,41.65629056,-87.5905838
610015,Jungman,Joseph Jungman Elementary School,4230,41.902054,-87.64109227
609920,Kanoon,Gerald Delgado Kanoon Elementary Magnet School,3370,42.00966309,-87.67002218
610084,Keller,Annie Keller Elementary Gifted Magnet School,4960,41.69573313,-87.70584655
609925,Kellman,Joseph Kellman Corporate Community ES,3410,41.92048339,-87.75821282
610016,Kellogg,Kate S Kellogg Elementary School,4240,41.725271,-87.677275
609715,Kelly HS,Thomas Kelly High School,1400,41.75374887,-87.60169064
609716,Kelvyn Park HS,Kelvyn Park High School,1410,41.78225743,-87.58657835
609718,Kennedy HS,John F Kennedy High School,1420,41.81872965,-87.69460198
609746,Kenwood HS,Kenwood Academy High School,1710,41.98294508,-87.72238559
610019,Kershaw,Joshua D Kershaw Elementary School,4270,41.84791328,-87.69731481
610022,Kilmer,Joyce Kilmer Elementary School,4300,41.77645329,-87.64085537
609751,King HS,Dr  Martin Luther King  Jr  College Prep HS,1760,41.98131478,-87.70874457
610026,Kinzie,John H Kinzie Elementary School,4330,42.003641,-87.66818568
610027,Kipling,Rudyard Kipling Elementary School,4350,41.84848725,-87.7160541
400044,Kipp Ascend Chtr Campus,KIPP Ascend Academy Charter Elementary School,7810,41.85838712,-87.72126297
400163,Kipp Bloom Chtr Campus,KIPP Charter Bloom,9627,41.88244676,-87.62777305
400146,Kipp Create,KIPP Charter Create,9605,41.892202,-87.74721568
610030,Kozminski,Charles Kozminski Elementary Community Academy,4390,41.7236264,-87.63955735
609719,Lake View HS,Lake View High School,1430,41.92794584,-87.73599952
609720,Lane HS,Albert G Lane Technical High School,1440,41.79048243,-87.78039472
609869,Langford,Anna R. Langford Community Academy,2900,41.9555538,-87.68372855
609993,Lara,Agustin Lara Elementary Academy,3980,41.86687504,-87.6285783
610033,Lasalle,LaSalle Elementary Language Academy,4420,41.79797444,-87.60248098
610520,Lasalle Ii,LaSalle II Magnet Elementary School,8040,41.95046051,-87.73067838
610208,Lavizzo,Mildred I Lavizzo Elementary School,6260,41.79904697,-87.75889174
610034,Lawndale,Lawndale Elementary Community Academy,4430,41.71926451,-87.65249965
400107,Learn Chrt - So Chicago,LEARN  Charter School-South Chicago Campus,8029,41.73332966,-87.54444182
400151,Learn Chtr - 7,Learn Charter 7 ES,9608,41.88751636,-87.70216585
400046,Learn Chtr - Butler,LEARN Charter ES - Romano Butler Campus,6770,41.86727351,-87.71064278
400047,Learn Chtr - Campbell,LEARN Charter ES - Charles and Dorothy Campbell,8072,41.87786113,-87.69870201
400048,Learn Chtr - Excel,LEARN Charter ES - Excel,6775,41.87494036,-87.68628988
400111,Learn Chtr - Hunter Perkins,LEARN Charter School - Hunter Perkins,8677,41.74309433,-87.66572044
400165,Learn Chtr - Middle,LEARN Charter - Middle School Campus,9629,41.79356519,-87.64141858
610291,Lee,Richard Henry Lee Elementary School,7170,41.74235101,-87.70957305
400049,Legacy Chtr Campus,Legacy Charter Elementary School,5870,41.85690714,-87.73046974
400119,Legal Prep Chtr - Academy,Legal Prep Charter Academy,9036,41.88189299,-87.73385287
610305,Leland,George Leland Elementary School,7320,41.74889566,-87.63475126
610298,Lenart,Lenart Elementary Regional Gifted Center,7240,41.68103204,-87.64695744
610036,Lewis,Leslie Lewis Elementary School,4450,41.91390017,-87.63752813
610037,Libby,Arthur A Libby Elementary School,4470,41.86293259,-87.71295615
610038,Lincoln,Abraham Lincoln Elementary School,4480,41.90682557,-87.75458668
609738,Lincoln Park HS,Lincoln Park High School,1620,41.80210467,-87.61193147
610391,Lindblom HS,Robert Lindblom Math & Science Academy HS,7110,41.89444938,-87.72612961
400137,Little Black Pearl,Little Black Pearl Art and Design Academy,9054,41.80966806,-87.59933939
609834,Little Village,Little Village Elementary School,2590,41.79503038,-87.79158115
610040,Lloyd,Henry D Lloyd Elementary School,4500,41.92455225,-87.64449813
400011,"Locke, A Chtr",Alain Locke Charter Elementary Academy,4730,41.87727579,-87.705235
610041,"Locke, J",Josephine C Locke Elementary School,4510,41.94000853,-87.70267142
610325,Logandale,Logandale Middle School,7560,41.95198844,-87.72028376
610541,Lorca,Federico Garcia Lorca Elementary School,8330,41.90508169,-87.64484062
610043,Lovett,Joseph Lovett Elementary School,4530,41.91881366,-87.74855175
610044,Lowell,James Russell Lowell Elementary School,4540,41.93176296,-87.79556733
610029,Lozano,Rodolfo Lozano Bilingual & International Ctr ES,4380,41.7897226,-87.77917859
,Lozano Leadership Academy - Mastery Campus,Instituto Charter Rudy Lozano - RLLAM,9628,41.75269664,-87.55089097
610046,Lyon,Mary Lyon Elementary School,4560,41.91274547,-87.78391939
610215,Madero,Francisco I Madero Middle School,6310,41.97114093,-87.70970075
610047,Madison,James Madison Elementary School,4570,41.90649215,-87.71021638
610574,"Mandela, W",Winnie Mandela High School,9639,41.75201532,-87.57591967
610048,Manierre,George Manierre Elementary School,4580,41.93419147,-87.77721094
609722,Manley HS,Manley Career Academy High School,1460,41.95476353,-87.66898945
610052,Mann,Horace Mann Elementary School,4610,41.90824752,-87.63978979
610502,Marine Military HS,Marine Military Math and Science Academy,1085,41.86414328,-87.70207761
610053,Marquette,Marquette Elementary School,4620,41.92048339,-87.75821282
610054,Marsh,John L Marsh Elementary School,4630,41.74827449,-87.574779
609723,Marshall HS,John Marshall Metropolitan High School,1470,41.94667202,-87.69101274
610321,"Marshall, T",Thurgood Marshall Middle School,7520,41.8238993,-87.69211361
610056,Mason,Roswell B Mason Elementary School,4650,41.71658839,-87.5524468
609724,Mather HS,Stephen T Mather High School,1480,41.87096639,-87.69989621
610059,Mayer,Oscar F Mayer Elementary School,4680,41.85690714,-87.73046974
610290,Mays,Benjamin E Mays Elementary Academy,7150,42.00773,-87.67316926
609968,Mcauliffe,Sharon Christa McAuliffe Elementary School,3770,41.85274657,-87.69624382
610062,Mcclellan,George B McClellan Elementary School,4710,41.92320419,-87.6572507
610063,Mccormick,Cyrus H McCormick Elementary School,4720,41.8742722,-87.66098384
610269,Mccutcheon,John T McCutcheon Elementary School,6910,41.77989998,-87.61725084
610066,Mcdade,James E McDade Elementary Classical School,4750,41.84226791,-87.70626341
610312,Mcdowell,Mary E McDowell Elementary School,7390,41.87358753,-87.74923885
610067,Mckay,Francis M McKay Elementary School,4760,41.77542335,-87.60939386
610282,Mcnair,Ronald E McNair Elementary School,7040,41.76067315,-87.60675439
610070,Mcpherson,James B McPherson Elementary School,4800,41.76814253,-87.69182316
610293,Melody,Genevieve Melody Elementary School,7190,41.77270938,-87.63724981
609902,Metcalfe,Ralph H Metcalfe Elementary Community Academy,3190,41.68539096,-87.62165207
610171,Mireles,Arnold Mireles Elementary Academy,5880,41.81033375,-87.66873534
610073,Mitchell,Ellen Mitchell Elementary School,4840,41.92398269,-87.76151562
610276,Mollison,Irvin C Mollison Elementary School,6950,41.87378751,-87.70224062
610074,Monroe,James Monroe Elementary School,4850,41.96784742,-87.67625149
610075,Montefiore,Moses Montefiore Special Elementary School,4860,41.8921096,-87.68318543
400116,Montessori Chtr - Englewood,The Montessori School of Englewood Charter,9033,41.77416435,-87.67505995
610076,Moos,Bernhard Moos Elementary School,4870,41.93001604,-87.71922457
609725,Morgan Park HS,Morgan Park High School,1490,41.87841665,-87.70804948
610077,Morrill,Donald Morrill Math & Science Elementary School,4880,41.86472459,-87.66640753
610257,Morton,Morton School of Excellence,6800,41.85891089,-87.71574392
610082,Mount Greenwood,Mount Greenwood Elementary School,4940,41.94903073,-87.65157417
610086,Mount Vernon,Mount Vernon Elementary School,4980,41.97015232,-87.78963079
610088,Mozart,Wolfgang A Mozart Elementary School,5000,41.70195278,-87.64761588
610385,Multicultural Acad Scholarship,Multicultural Academy of Scholarship,7630,41.83603568,-87.73412164
610089,Murphy,John B Murphy Elementary School,5020,41.77658371,-87.79060515
610090,Murray,Phillip Murray Elementary Language Academy,5030,41.92091025,-87.72185141
400050,Namaste Chtr Campus,Namaste Charter Elementary School,7920,41.82569905,-87.66776072
610092,Nash,Henry H Nash Elementary School,5050,41.79853508,-87.59337707
610231,National Teachers,National Teachers Elementary Academy,6480,41.90708044,-87.67776177
610093,Neil,Jane A Neil Elementary School,5060,41.66487274,-87.63899431
610094,Nettelhorst,Louis Nettelhorst Elementary School,5070,41.892202,-87.74721568
610284,New Field,New Field Elementary School,7060,41.76031547,-87.5568187
610193,New Sullivan,William K New Sullivan Elementary School,6100,41.99535815,-87.68482955
610095,Newberry,Walter L Newberry Math & Science Academy ES,5080,41.73840604,-87.62097009
609793,Nicholson Tech Acad,Nicholson Technology Academy,2200,41.77421901,-87.6535318
610096,Nightingale,Florence Nightingale Elementary School,5090,41.94163726,-87.64452448
610097,Nixon,William P Nixon Elementary School,5100,41.91391978,-87.64598962
400045,Nkrumah Contr,Kwame Nkrumah Academy Elementary School,2055,41.698021,87.631063
610098,Nobel,Alfred Nobel Elementary School,5110,41.79771494,-87.6891022
400157,Noble Street Chtr - Baker College Prep,Noble Street Charter Orange HS,9614,41.73370609,-87.55775924
400097,Noble Street Chtr - Chgo Bulls,Noble Street Charter - Chicago Bulls College,8078,41.87878137,-87.67819449
400052,Noble Street Chtr - Comer,Noble Street Charter - Gary Comer College Prep,1935,41.76525442,-87.60459813
400053,Noble Street Chtr - Golder,Noble Street Charter - Golder College Prep,1934,41.89525476,-87.66448223
400106,Noble Street Chtr - Johnson,Noble Street Charter School Ã¢â¬â Johnson HS,8028,41.77837005,-87.63508004
400098,Noble Street Chtr - Muchin,Noble Street Charter - Muchin College Prep,8079,41.88208565,-87.62774111
400051,Noble Street Chtr - Noble,Noble Street Charter - Noble Street College Prep,1930,41.90019103,-87.66259106
400054,Noble Street Chtr - Pritzker,Noble Street Charter - Pritzker College Prep,1931,41.91524155,-87.73012683
400156,Noble Street Chtr - Pullman College Prep,Noble Street Charter  Crimson HS,9613,41.70744607,-87.60306435
400118,Noble Street Chtr - Purple,Noble Street Charter School - Purple,9035,41.86931199,-87.71056333
400055,Noble Street Chtr - Rauner,Noble Street Charter - Rauner College Prep,1932,41.89245245,-87.66085955
400056,Noble Street Chtr - Rowe Clark,Noble Street Charter - Rowe-Clark Math & Sci Acad,1933,41.8953897,-87.7180473
400117,Noble Street Chtr - Silver HS,Noble Street Charter School - Silver,9034,41.73444231,-87.6509501
400057,Noble Street Chtr - Uic,Noble Street Charter - UIC College Prep,1936,41.86581671,-87.67614763
610354,North River,North River Elementary School,7890,41.73884328,-87.72999192
609691,North-grand HS,North-Grand High School,1140,41.90154615,-87.63446373
609744,Northside Learning HS,Northside Learning Center High School,1690,41.89899528,-87.66744615
609749,Northside Prep HS,Northside College Preparatory High School,1740,41.80377183,-87.59045756
610051,Northwest,Northwest Middle School,4600,41.75954765,-87.59074904
610099,Norwood Park,Norwood Park Elementary School,5120,41.91958088,-87.73145683
400058,Nth Lawndale Chtr - Christiana,North Lawndale College Prep Charter - Christiana,1105,41.85851913,-87.70795224
400059,Nth Lawndale Chtr - Collins,North Lawndale College Prep Charter - Collins,1106,41.86414328,-87.70207761
610103,O'keeffe,Isabelle C O'Keeffe Elementary School,5180,41.89997649,-87.62929657
610108,O'toole,Luke O'Toole Elementary School,5230,41.90014026,-87.73122387
610101,Ogden,William B Ogden Elementary School,5150,41.98813256,-87.80295418
610529,Ogden HS,Ogden International High School,8083,41.893528,87.65941
610102,Oglesby,Richard J Oglesby Elementary School,5170,41.9069065,-87.73247982
610569,Ombudsman 1 HS,Ombudsman #1,9634,41.86645041,-87.70660313
610570,Ombudsman 2 HS,Ombudsman #2,9635,41.76682098,-87.58586708
610571,Ombudsman 3 HS,Ombudsman #3,9636,41.93940577,-87.70520611
610104,Onahan,William J Onahan Elementary School,5190,41.75467057,-87.64543285
610105,Oriole Park,Oriole Park Elementary School,5200,41.76860289,-87.57276931
610329,Orozco,Orozco Fine Arts & Sciences Elementary School,7610,41.73370609,-87.55775924
610389,Orr HS,Orr Academy High School,1830,41.83603568,-87.73412164
609950,Ortiz De Dominguez,Josefa Ortiz De Dominguez Elementary School,3630,41.81330446,-87.64330757
610107,Otis,James Otis Elementary School,5220,41.97850099,-87.81201727
610109,Owen,William Bishop Owen Scholastic Academy ES,5240,41.89180557,-87.66546296
610111,Palmer,John Palmer Elementary School,5260,41.74284939,-87.70578572
610115,Park Manor,Park Manor Elementary School,5290,41.97328884,-87.73924971
610112,Parker,Francis W Parker Elementary Community Academy,5270,41.8273827,-87.61978028
610116,Parkside,Parkside Elementary Community Academy,5300,41.77079113,-87.63522955
610117,Pasteur,Louis Pasteur Elementary School,5310,41.76647601,-87.61158224
610557,Pathways Education HS,Pathways in Education,8687,41.86854845,-87.66496825
610568,Pathways Education HS - Avondale,Pathways in Education Avondale,9633,41.76389542,-87.64916099
609680,Payton HS,Walter Payton College Preparatory High School,1090,41.8730667,-87.62763862
610386,Peace & Education HS,Peace & Education Coalition High School,1123,41.83603568,-87.73412164
610120,Peck,Ferdinand Peck Elementary School,5340,41.76855571,-87.58291773
610122,Peirce,Helen Peirce International Studies ES,5360,41.78787154,-87.71921547
610123,Penn,William Penn Elementary School,5370,41.87159493,-87.68365236
609872,Perez,Manuel Perez Elementary School,2930,41.84560303,-87.73115617
610126,Pershing,John J Pershing Elementary Humanities Magnet,5400,41.72853462,-87.59621999
400062,Perspectives Chtr - Calumet Tech,Perspectives Charter - Calumet Technology,1962,41.74593463,-87.65232814
400066,Perspectives Chtr - Iit,Perspectives Charter - IIT Math & Science Academy,1964,41.82778341,-87.62482441
400064,Perspectives Chtr - Joslin,Perspectives Charter - Rodney D Joslin,1960,41.85597605,-87.62851099
400061,Perspectives Chtr - Leadership Academy,Perspectives Charter Leadership Academy HS,1961,41.74593463,-87.65232814
610127,Peterson,Mary Gage Peterson Elementary School,5410,41.84810153,-87.68070784
609727,Phillips HS,Wendell Phillips Academy High School,1510,41.69201112,-87.66567557
610304,Phoenix Military HS,Phoenix Military Academy High School,7310,41.76530755,-87.64133368
610106,Piccolo,Brian Piccolo Elementary Specialty School,5210,41.99376291,-87.79310811
610129,Pickard,Josiah Pickard Elementary School,5430,41.9815576,-87.7125458
610013,Pilsen,Pilsen Elementary Community Academy,4210,41.9846415,-87.70049265
610130,Pirie,John T Pirie Fine Arts & Academic Center ES,5440,41.70660231,-87.64761378
610131,Plamondon,Ambrose Plamondon Elementary School,5450,41.85292784,-87.68329075
400068,Plato Contr,Plato Learning Academy Elementary School,2045,41.87278787,-87.76333753
610132,Poe,Edgar Allan Poe Elementary Classical School,5460,41.7403128,-87.60789026
400069,Polaris Chtr Campus,Polaris Charter Academy Elementary School,4150,41.89255083,-87.70775976
610135,Portage Park,Portage Park Elementary School,5490,41.70263055,-87.60638256
610281,Powell,Adam Clayton Powell Paideia Community Academy ES,7010,41.81435776,-87.61665462
610136,Prescott,William H Prescott Elementary School,5500,41.89323619,-87.71876057
610533,Prieto,Dr Jorge Prieto Math and Science,8023,41.76778255,-87.59039658
610229,Pritzker,A.N. Pritzker School,6460,41.84007983,-87.72558233
400070,Prologue HS,Prologue Early College High School,1135,41.90289709,-87.66374073
400109,Prologue-johnston Chtr HS,Prologue-Joshua Johnston Charter School,8670,41.72116389,-87.66241631
609679,Prosser HS,Charles Allen Prosser Career Academy High School,1070,41.84022611,-87.61760075
400071,Providence Chtr - Bunche,Providence Englewood Charter - Bunche,6700,41.77536675,-87.66403248
610137,Prussing,Ernst Prussing Elementary School,5510,41.9569602,-87.76100639
610138,Pulaski,Pulaski International School of Chicago,5520,41.92881366,-87.6695269
610139,Pullman,George M Pullman Elementary School,5530,41.96561978,-87.77237741
610334,Raby HS,Al Raby High School,7690,41.93394276,-87.70804004
609941,Randolph,Asa Philip Randolph Elementary School,3550,41.83703772,-87.71869572
610141,Ravenswood,Ravenswood Elementary School,5550,41.91845884,-87.68380056
610142,Ray,William H Ray Elementary School,5560,41.6888189,-87.60946757
610143,Reavis,William C Reavis Math & Science Specialty ES,5580,41.96074633,-87.67088566
610144,Reilly,Frank W Reilly Elementary School,5590,41.79234734,-87.59478873
610145,Reinberg,Peter A Reinberg Elementary School,5600,41.80414635,-87.60492484
610146,Revere,Paul Revere Elementary School,5610,41.94106655,-87.71954001
609682,Richards HS,Ellen H Richards Career Academy High School,1110,41.92006006,-87.76101158
610390,Rickover HS,Hyman G Rickover Naval Academy High School,7140,41.80351526,-87.6673411
609707,Robeson HS,Paul Robeson High School,1320,41.84855921,-87.70874232
610256,Robinson,Jackie Robinson Elementary School,6780,41.87989725,-87.68031588
610147,Rogers,Philip Rogers Elementary School,5630,41.94301828,-87.76901937
609728,Roosevelt HS,Theodore Roosevelt High School,1520,41.69273509,-87.6163519
400096,Rowe,Rowe Elementary School,8077,41.90779777,-87.66403574
610308,Rudolph,Wilma Rudolph Elementary Learning Center,7350,41.8788478,-87.68872395
610152,Ruggles,Martha Ruggles Elementary School,5660,42.01526531,-87.69722219
610125,Ruiz,Irma C Ruiz Elementary School,5390,41.85838712,-87.72126297
610153,Ryder,William H Ryder Math & Science Specialty ES,5670,41.80714233,-87.66607361
610342,Sabin,Albert R Sabin Elementary Magnet School,7790,41.75892526,-87.64918005
610250,Salazar,Rueben Salazar Elementary Bilingual Center,6720,41.94213774,-87.77643154
610226,Sandoval,Socorro Sandoval Elementary School,6430,41.76504846,-87.65820406
610017,Saucedo,Maria Saucedo Elementary Scholastic Academy,4250,41.85806537,-87.6522649
610155,Sauganash,Sauganash Elementary School,5690,41.75194512,-87.61810309
610157,Sawyer,Sidney Sawyer Elementary School,5710,41.73537992,-87.63880607
610158,Sayre,Harriet E Sayre Elementary Language Academy,5720,41.99115476,-87.74592021
610159,Scammon,Jonathan Y Scammon Elementary School,5730,41.79749878,-87.70496912
610178,Schmid,Theophilus Schmid Elementary School,5950,41.69091954,-87.65863245
610297,School Of Leadrshp HS,High School of Leadership at South Shore,7230,41.87882637,-87.72466192
610165,Schubert,Franz Peter Schubert Elementary School,5800,41.94170504,-87.73217949
609729,Schurz HS,Carl Schurz High School,1530,41.82385253,-87.61979574
609730,Senn HS,Nicholas Senn High School,1540,41.96480045,-87.71481814
610167,Seward,William H Seward Communication Arts Academy ES,5820,42.01691907,-87.81419582
400073,Shabazz Chtr - Dusable,Betty Shabazz Intl Charter - DuSable Leadership,4140,41.80455878,-87.62441056
400072,Shabazz Chtr - Shabazz,Betty Shabazz Intl Charter,4520,41.75245804,-87.6002912
400074,Shabazz Chtr - Sizemore,Betty Shabazz Intl Charter - Barbara A Sizemore,5130,41.76739068,-87.66760236
610081,Sheridan,Mark Sheridan Elementary Math & Science Academy,4920,41.7843127,-87.68858591
610172,Sherman,William T Sherman Elementary School,5890,41.81106945,-87.70416193
610173,Sherwood,Jesse Sherwood Elementary School,5900,41.73171742,-87.55275132
610174,Shields,James Shields Elementary School,5910,41.79973978,-87.65021158
610559,Shields Middle,James Shields Middle School,9597,41.73521159,-87.70405939
610175,Shoesmith,Beulah Shoesmith Elementary School,5920,41.79082769,-87.63227934
610176,Shoop,John D Shoop Math-Science Technical Academy ES,5930,41.81590997,-87.68961056
609692,Simeon HS,Neal F Simeon Career Academy High School,1150,41.80288087,-87.66231452
609750,Simpson HS,Simpson Academy High School for Young Women,1750,41.84253385,-87.69522432
610177,Skinner,Mark Skinner Elementary School,5940,41.80426658,-87.59390428
610534,Skinner North,Skinner North,8024,41.7934519,-87.71136903
609978,Smith,Wendell Smith Elementary School,3870,41.99451345,-87.66850327
610179,Smyser,Washington D Smyser Elementary School,5960,41.87907511,-87.65941827
610180,Smyth,John M Smyth Elementary School,5970,41.71698818,-87.5969685
610182,Solomon,Hannah G Solomon Elementary School,5980,41.95886865,-87.78193778
610543,Solorio HS,Eric Solorio Academy High School,8550,41.94004313,-87.72481174
609990,South Loop,South Loop Elementary School,3960,41.81578839,-87.6336278
610547,South Shore Intl HS,South Shore Intl College Prep High School,8676,41.79520166,-87.71102218
610530,Southshore,South Shore Fine Arts Academy,2015,41.93579404,-87.68059876
609745,Southside HS,Southside Occupational Academy High School,1700,41.78052693,-87.71797709
610183,Spencer Tech Acad,Spencer Technology Academy,6000,41.86537846,-87.65344524
610184,Spry,John Spry Elementary Community School,6010,41.99394269,-87.72400585
610357,Spry HS,Spry Community Links High School,7930,41.96172181,-87.70711398
610339,Stagg,Amos Alonzo Stagg Elementary School,7760,41.85772737,-87.67520985
609732,Steinmetz College Prep HS,Charles P Steinmetz College Preparatory HS,1560,41.94634323,-87.73563527
610548,Stem ES,STEM Magnet Academy,8678,41.77110651,-87.73992096
610185,Stevenson,Adlai E Stevenson Elementary School,6030,41.88487712,-87.75040802
610163,Stock,Frederick Stock Elementary School,5770,41.91415123,-87.79868397
610191,Stone,Stone Elementary Scholastic Academy,6070,41.7471076,-87.73162905
610192,Stowe,Harriet Beecher Stowe Elementary School,6080,41.69649548,-87.64001021
610405,Suder,Suder Montessori Magnet ES,6340,41.76437964,-87.70644401
609733,Sullivan HS,Roger C Sullivan High School,1570,41.98903319,-87.665188
610194,Sumner,Charles Sumner  Math & Science Community Acad ES,6110,41.91191064,-87.71331702
610195,Sutherland,Elizabeth H Sutherland Elementary School,6120,41.7438281,-87.54296425
610196,Swift,George B Swift Elementary Specialty School,6130,41.87080269,-87.73351105
609734,Taft HS,William Howard Taft High School,1580,41.93563421,-87.78347849
610197,Talcott,Mancel Talcott Elementary School,6140,41.71144444,-87.67685779
610249,Talman,Talman Elementary School,6680,41.79846442,-87.62572824
610279,Tanner,Henry O Tanner Elementary School,6970,41.86183685,-87.70310206
610396,Tarkington,Tarkington School of Excellence ES,7160,41.83603568,-87.73412164
610198,Taylor,Douglas Taylor Elementary School,6150,41.98913968,-87.65825931
610506,Team HS,TEAM Englewood Community Academy High School,8080,41.86701365,-87.7263137
609921,Telpochcalli,Telpochcalli Elementary School,3380,41.78518334,-87.60859624
610504,Thomas,Velma F Thomas Early Childhood Center,6710,41.8788478,-87.68872395
610200,"Thorp, J",James N Thorp Elementary School,6180,41.71547037,-87.53293414
610201,"Thorp, O",Ole A Thorp Elementary Scholastic Academy,6190,41.67753288,-87.65811158
609735,Tilden HS,Edward Tilden Career Community Academy HS,1590,42.00268693,-87.66922893
610065,Till,Emmett Louis Till Math and Science Academy,4740,41.82999233,-87.64113926
610202,Tilton,George W Tilton Elementary School,6210,41.73332966,-87.54444182
610203,Tonti,Enrico Tonti Elementary School,6220,41.94854387,-87.77763072
609895,Turner-drew,Turner-Drew Elementary Language Academy,3110,41.78095523,-87.78756777
610206,Twain,Mark Twain Elementary School,6240,41.88410161,-87.7306031
400075,Univ Of Chgo Chtr - Donoghue,University of Chicago Charter - Donoghue,2600,41.8277516,-87.60851429
400076,Univ Of Chgo Chtr - Nko,University of Chicago Charter - NKO,3060,41.81138912,-87.5985199
400077,Univ Of Chgo Chtr - Woodlawn,University of Chicago Charter - Woodlawn,3061,41.77811851,-87.59808045
400078,Univ Of Chgo Chtr - Woodson,University of Chicago Charter - Carter G Woodson,3062,41.81361484,-87.60836253
400101,Uno Chtr  - Sandra Cisneros,UNO Charter - Sandra Cisneros,8094,41.82285632,-87.6939949
400112,Uno Chtr - 51st - Homan,UNO 51st and Homan Charter Elementary School,8671,41.80104339,-87.70876013
400081,Uno Chtr - De Las Casas,UNO Charter - Bartolome de Las Casas,3341,41.85953145,-87.66794975
400082,Uno Chtr - Fuentes,UNO Charter - Carlos Fuentes,3342,41.93750322,-87.69959378
400153,Uno Chtr - Immaculate Conception,UNO Charter 15 ES,9610,41.81311002,-87.69320171
400085,Uno Chtr - Major Hector P.Garcia,UNO Charter School - Major Hector P.Garcia MD Campus,3343,41.80784007,-87.73035914
400089,Uno Chtr - Marquez,UNO Charter School - Officer Donald J. Marquez,3346,41.80828139,-87.69739333
400120,Uno Chtr - Near West,UNO Charter - Near West Elementary,9600,41.91795212,-87.7877937
400121,Uno Chtr - Northside,UNO Charter - Rogers Park ES,9038,42.01647818,-87.68436901
400083,Uno Chtr - Paz,UNO Charter - Octavio Paz Campus,5810,41.85006285,-87.69255161
400080,Uno Chtr - Pfc Omar E.Torres,UNO Charter School - PFC Omar E.Torres Campus,3345,41.80784007,-87.73035914
400149,Uno Chtr - Soccer Academy,UNO Soccer Academy High School,9640,41.80176207,-87.71106166
400079,Uno Chtr - Spc Daniel Zizumbo,UNO Charter School - SPC Daniel Zizumbo Campus,3344,41.80784007,-87.73035914
400114,Uno Chtr - St Marks,UNO Charter Elementary School St Marks,8093,41.9003162,-87.68989506
400084,Uno Chtr - Tamayo,UNO Charter - Rufino Tamayo,3340,41.79992965,-87.6938983
610394,Uplift HS,Uplift Community High School,2210,41.7820414,-87.67162519
400105,Urban Prep Chtr - Bronzeville,Urban Prep Academy for Young Men - Bronzeville,8027,41.84404358,-87.62851675
400086,Urban Prep Chtr - Englewood,Urban Prep Acad for Young Men Charter - Englewood,7030,41.78150519,-87.63501534
400102,Urban Prep Chtr - West,Urban Prep Academy for Young Men - West,8096,41.86251258,-87.66010572
610207,Vanderpoel,John H Vanderpoel Elementary Magnet School,6250,41.78752267,-87.70821584
609766,Vaughn HS,Jacqueline B Vaughn Occupational High School,1920,41.70585944,-87.6537126
609871,Vick,Barbara Vick Early Childhood & Family Center,2920,41.78468135,-87.65713255
610518,Voise HS,VOISE Academy High School,1145,41.82814579,-87.6327203
610209,Volta,Alessandro Volta Elementary School,6270,41.72082321,-87.66552293
610039,Von Linne,Carl von Linne Elementary School,4490,41.79768534,-87.65989615
609737,Von Steuben HS,Friedrich W von Steuben Metropolitan Science HS,1610,41.80750947,-87.64300315
610366,Wacker,Charles H Wacker Elementary School,8030,41.95682403,-87.64604754
610213,Wadsworth,James Wadsworth Elementary School,6300,41.9716342,-87.72456845
610216,Walsh,John A Walsh Elementary School,6320,41.77347832,-87.60098146
610217,"Ward, J",James Ward Elementary School,6330,41.84092948,-87.7050635
610133,"Ward, L",Laura S Ward Elementary School,5470,41.86023146,-87.69252498
610218,Warren,Joseph Warren Elementary School,6350,41.85483515,-87.64812287
609739,Washington HS,George Washington High School,1630,41.97318445,-87.71342302
610219,"Washington, G",George Washington Elementary School,6360,41.84397943,-87.63539248
610124,"Washington, H",Harold Washington Elementary School,5380,41.98348323,-87.66585056
610220,Waters,Thomas J Waters Elementary School,6370,41.7267624,-87.57538917
610221,Webster,Daniel Webster Elementary School,6380,41.68815893,-87.53601519
609740,Wells HS,Wells Community Academy High School,1640,41.91826756,-87.64604609
610110,"Wells, I",Ida B Wells Preparatory Elementary Academy,5250,41.77416435,-87.67505995
610223,Wentworth,Daniel S Wentworth Elementary School,6390,41.96436597,-87.69129575
610100,West Park,West Park Elementary Academy,5140,41.90618259,-87.72995523
610542,West Ridge,West Ridge Elementary School,8440,41.93493132,-87.77009052
610300,Westcott,Oliver S Westcott Elementary School,7260,41.74718512,-87.62807699
609693,Westinghouse HS,George Westinghouse College Prep,1160,41.91164626,-87.73523685
610225,Whistler,John Whistler Elementary School,6420,41.8699433,-87.72752509
610315,White,Edward White Elementary Career Academy,7440,41.73315975,-87.5895902
610227,Whitney,Eli Whitney Elementary School,6440,41.68390641,-87.65542042
610228,Whittier,John Greenleaf Whittier Elementary School,6450,41.79234667,-87.71095067
610230,Wildwood,Wildwood Elementary School,6470,41.85045345,-87.67339086
610380,"Williams, D",Daniel Hale Williams Prep School of Medicine,7200,41.70531488,-87.62986803
609977,Woodlawn,Woodlawn Community Elementary School,3860,41.89917189,-87.75577653
610345,Woodson,Carter G Woodson South Elementary School,7820,41.94213774,-87.77643154
610392,World Language HS,World Language Academy High School,4460,41.98903319,-87.665188
610234,Yates,Richard Yates Elementary School,6510,42.0075054,-87.77831382
400134,Yccs Chtr - Addams,YCCS-Jane Addams Alternative HS,9051,41.85720811,-87.64485127
400125,Yccs Chtr - Aspira Pantoja,"YCCS-ASPIRA,Antonia Pantoja Alternative HS",9042,41.93791667,-87.72707664
400126,Yccs Chtr - Association House,"YCCS-Association House, El Cuarto Ano HS",9043,41.90157308,-87.70682316
400127,Yccs Chtr - Austin Career,YCCS-Austin Career Education Center HS,9044,41.89494895,-87.76022073
400131,Yccs Chtr - Campos,YCCS-Dr. Pedro Albizu Campos Puerto Rican HS,9601,41.90287714,-87.69600635
400128,Yccs Chtr - Cca Academy,YCCS-CCA Academy HS,9045,41.86519734,-87.72506639
400150,Yccs Chtr - Chatham,YCCS-Chatham Academy HS,9599,41.73013093,-87.60701654
400145,Yccs Chtr - Community Academy,YCCS-Youth Connection Leadership Academy HS,9062,41.83207163,-87.62674478
400123,Yccs Chtr - Community Service,YCCS-Academy of Scholastic Achievement HS,9040,41.88047463,-87.74253943
400129,Yccs Chtr - Houston,YCCS-Charles Hamilton Houston Alternative HS,9046,41.80933055,-87.61651397
400133,Yccs Chtr - Innovations,YCCS-Innovations of Arts Integration HS,9602,41.81181763,-87.63199088
400135,Yccs Chtr - Latino Youth,YCCS-Latino Youth Alternative HS,9052,41.85466393,-87.69546671
400124,Yccs Chtr - Mckinley,YCCS-Ada S. McKinley-Lakeside HS,9041,41.84133169,-87.62529408
400136,Yccs Chtr - Olive Harvey,YCCS-Olive Harvey Middle College HS,9053,41.71292818,-87.59236892
400139,Yccs Chtr - Sullivan,YCCS-Sullivan House Alternative HS,9056,41.74630634,-87.57846626
400141,Yccs Chtr - Truman,YCCS-Truman Middle College HS,9058,41.96532224,-87.6592406
400142,Yccs Chtr - Virtual,YCCS-Virtual HS,9059,41.87628929,-87.67413756
400143,Yccs Chtr - West Town,YCCS-West Town Academy Alternative HS,9603,41.89080647,-87.70201635
400144,Yccs Chtr - Westside Holistic,YCCS-Westside Holistic Leadership Academy HS,9604,41.90226747,-87.74881069
400130,Yccs Chtr - Youth Development,YCCS-Community Youth Development Institute HS,9047,41.75137761,-87.64169455
400087,Yng Women - Chtr Campus,Young Women's Leadership Charter High School,2490,41.84454327,-87.61876049
609748,York HS,Consuella B York Alternative High School,1730,41.75985293,-87.67591012
610235,Young,Ella Flagg Young Elementary School,6520,41.85282721,-87.62930874
609755,Young HS,Whitney M Young Magnet High School,1810,41.69124818,-87.71777061
609973,Zapata,Emiliano Zapata Elementary Academy,3820,41.75734007,-87.63277352
